{
    "energy_min": -10.937814106481076,
    "energy_max": 1.2690801916079373
}